INSERT INTO issuing_division (code, name) VALUES (100001, 'Отдел по вопросам миграции ОП №4 (Октябрьский район) УМВД России по г. Самаре');

INSERT INTO issuing_division (code, name)
VALUES (100002, 'Управления по вопросам миграции ГУ МВД России по Самарской области');

INSERT INTO issuing_division (code, name)
VALUES (100003, 'Отдел по вопросам миграции ОП №3 УМВД России по г. Самаре');

INSERT INTO issuing_division (code, name)
VALUES (100004, 'Отдел по вопросам миграции ОП № 1 (Кировский район) УМВД России по г. Самаре');

INSERT INTO issuing_division (code, name)
VALUES (100005, 'Центр государственных и муниципальных услуг МАУ городского округа Самара «МФЦ» № 6');

INSERT INTO issuing_division (code, name)
VALUES (100006, 'Управление МВД России по г. Самаре');

INSERT INTO issuing_division (code, name)
VALUES (100007, 'МФЦ');

INSERT INTO issuing_division (code, name)
VALUES (100008, 'Центр государственных и муниципальных услуг МАУ городского округа Самара «МФЦ» № 3');

INSERT INTO issuing_division (code, name)
VALUES (100009, 'Отдел УФМС России по Пермскому краю');

INSERT INTO issuing_division (code, name)
VALUES (100010, 'Паспортно-визовый Сервис');

INSERT INTO issuing_division (code, name)
VALUES (100011, 'Правительство Самарской области');

INSERT INTO issuing_division (code, name)
VALUES (100012, 'Управление по вопросам миграции ГУ МВД России по городу Москве');

INSERT INTO issuing_division (code, name)
VALUES (100013, 'Управление по вопросам миграции МВД России');

INSERT INTO issuing_division (code, name)
VALUES (100014, 'ОВМ ОМВД РОССИИ по Пресненскому району г. Москвы (бывш. УФМС)');

INSERT INTO issuing_division (code, name)
VALUES (100015, 'ГУ МВД России по г. Москве');

INSERT INTO issuing_division (code, name)
VALUES (100016, 'ЦПО ГУВД по МОСКВЕ');

INSERT INTO issuing_division (code, name)
VALUES (100017, 'ГУ ГИБДД МВД России по г. Москве');

INSERT INTO issuing_division (code, name)
VALUES (100018, 'ЛУ МВД России на станции Москва-Рязанская');

INSERT INTO issuing_division (code, name)
VALUES (100019, 'Отдел оформления заграничных паспортов УВМ ГУ МВД России по С-Пб и ЛО');

INSERT INTO issuing_division (code, name)
VALUES (100020, 'Единый центр документов');

INSERT INTO citizen (id, surname, name, patronymic, birth_date, birth_fed_place, birth_place)
VALUES (11, 'Балашов', 'Матвей', 'Гордеевич', '1941-10-13', 'Республика Адыгея', 'Муром');

INSERT INTO citizen (id, surname, name, patronymic, birth_date, birth_fed_place, birth_place)
VALUES (12, 'Борисов', 'Илья', 'Арсеньевич', '1945-02-22', 'Республика Алтай', 'Отрадный');

INSERT INTO citizen (id, surname, name, patronymic, birth_date, birth_fed_place, birth_place)
VALUES (13, 'Волков', 'Руслан', 'Макарович', '1945-03-19', 'Республика Башкортостан — Башкирия', 'Котлас');

INSERT INTO citizen (id, surname, name, patronymic, birth_date, birth_fed_place, birth_place)
VALUES (14, 'Голованова', 'София', 'Марковна', '1945-05-14', 'Республика Бурятия', 'Краснотурьинск');

INSERT INTO citizen (id, surname, name, patronymic, birth_date, birth_fed_place, birth_place)
VALUES (15, 'Грачева', 'Мария', 'Дмитриевна', '1949-03-02', 'Республика Дагестан', 'Великие Луки');

INSERT INTO citizen (id, surname, name, patronymic, birth_date, birth_fed_place, birth_place)
VALUES (16, 'Журавлев', 'Константин', 'Романович', '1950-03-28', 'Республика Ингушетия', 'Глазов');

INSERT INTO citizen (id, surname, name, patronymic, birth_date, birth_fed_place, birth_place)
VALUES (17, 'Иванов', 'Роман', 'Иванович', '1972-09-21', 'Кабардино-Балкарская республика', 'Невинномысск');

INSERT INTO citizen (id, surname, name, patronymic, birth_date, birth_fed_place, birth_place)
VALUES (18, 'Иванова', 'Юлия', 'Никитична', '1979-06-17', 'Республика Калмыкия', 'Междуреченск');

INSERT INTO citizen (id, surname, name, patronymic, birth_date, birth_fed_place, birth_place)
VALUES (19, 'Климова', 'Кира', 'Артемьевна', '2001-01-09', 'Карачаево-Черкесская республика', 'Москва');

INSERT INTO citizen (id, surname, name, patronymic, birth_date, birth_fed_place, birth_place)
VALUES (20, 'Козлова', 'Ева', 'Ивановна', '1965-11-02', 'Республика Карелия', 'Сергиев Посад');

INSERT INTO citizen (id, surname, name, patronymic, birth_date, birth_fed_place, birth_place)
VALUES (21, 'Кравцова', 'Мария', 'Владимировна', '1943-07-03', 'Республика Коми', 'Златоуст');

INSERT INTO citizen (id, surname, name, patronymic, birth_date, birth_fed_place, birth_place)
VALUES (22, 'Латышева', 'Варвара', 'Всеволодовна', '1997-03-08', 'Республика Крым', 'Новороссийск');

INSERT INTO citizen (id, surname, name, patronymic, birth_date, birth_fed_place, birth_place)
VALUES (23, 'Лукьянов', 'Кирилл', 'Ильич', '2004-07-26', 'Республика Марий Эл', 'Пенза');

INSERT INTO citizen (id, surname, name, patronymic, birth_date, birth_fed_place, birth_place)
VALUES (24, 'Любимов', 'Фёдор', 'Алексеевич', '1952-05-11', 'Республика Мордовия', 'Геленджик');

INSERT INTO citizen (id, surname, name, patronymic, birth_date, birth_fed_place, birth_place)
VALUES (25, 'Медведева', 'Валерия', 'Артёмовна', '1999-03-31', 'Республика Саха (Якутия)', 'Ишим');

INSERT INTO citizen (id, surname, name, patronymic, birth_date, birth_fed_place, birth_place)
VALUES (26, 'Морозов', 'Артём', 'Тимофеевич', '1957-10-08', 'Республика Северная Осетия — Алания', 'Гусь-Хрустальный');

INSERT INTO citizen (id, surname, name, patronymic, birth_date, birth_fed_place, birth_place)
VALUES (27, 'Морозова', 'Ксения', 'Владиславовна', '1961-09-02', 'Республика Татарстан — Татария', 'Троицк');

INSERT INTO citizen (id, surname, name, patronymic, birth_date, birth_fed_place, birth_place)
VALUES (28, 'Морозова', 'Злата', 'Тимуровна', '1983-01-13', 'Республика Тыва', 'Волгоград');

INSERT INTO citizen (id, surname, name, patronymic, birth_date, birth_fed_place, birth_place)
VALUES (29, 'Овсянников', 'Роман', 'Дмитриевич', '1972-08-26', 'Удмуртская республика — Удмуртия', 'Новый Уренгой');

INSERT INTO citizen (id, surname, name, patronymic, birth_date, birth_fed_place, birth_place)
VALUES (30, 'Петров', 'Руслан', 'Тимофеевич', '1991-06-22', 'Республика Хакасия', 'Гуково');

INSERT INTO citizen (id, surname, name, patronymic, birth_date, birth_fed_place, birth_place)
VALUES (31, 'Попов', 'Никита', 'Адамович', '1957-01-27', 'Чеченская республика — Чечня', 'Гатчина');

INSERT INTO citizen (id, surname, name, patronymic, birth_date, birth_fed_place, birth_place)
VALUES (32, 'Попов', 'Тимофей', 'Миронович', '1955-11-11', 'Чувашская республика', 'Тулун');

INSERT INTO citizen (id, surname, name, patronymic, birth_date, birth_fed_place, birth_place)
VALUES (33, 'Родионов', 'Мирон', 'Святославович', '1997-05-02', 'Алтайский край', 'Киров');

INSERT INTO citizen (id, surname, name, patronymic, birth_date, birth_fed_place, birth_place)
VALUES (34, 'Романов', 'Лев', 'Романович', '1995-07-29', 'Забайкальский край', 'Белебей');

INSERT INTO citizen (id, surname, name, patronymic, birth_date, birth_fed_place, birth_place)
VALUES (35, 'Смирнова', 'Виктория', 'Святославовна', '1941-05-18', 'Камчатский край', 'Жигулёвск');

INSERT INTO citizen (id, surname, name, patronymic, birth_date, birth_fed_place, birth_place)
VALUES (36, 'Старикова', 'Мария', 'Дмитриевна', '2004-07-17', 'Краснодарский край', 'Астрахань');

INSERT INTO citizen (id, surname, name, patronymic, birth_date, birth_fed_place, birth_place)
VALUES (37, 'Титов', 'Константин', 'Викторович', '2002-05-02', 'Красноярский край', 'Будённовск');

INSERT INTO citizen (id, surname, name, patronymic, birth_date, birth_fed_place, birth_place)
VALUES (38, 'Ульянова', 'Вероника', 'Анатольевна', '1987-08-14', 'Пермский край', 'Якутск');

INSERT INTO citizen (id, surname, name, patronymic, birth_date, birth_fed_place, birth_place)
VALUES (39, 'Щербакова', 'Анна', 'Максимовна', '1947-08-13', 'Приморский край', 'Ханты-Мансийск');

INSERT INTO citizen (id, surname, name, patronymic, birth_date, birth_fed_place, birth_place)
VALUES (40, 'Яковлева', 'София', 'Михайловна', '2002-01-13', 'Ставропольский край', 'Будённовск');

INSERT INTO passport (serial_number, issuing_division_code, issue_date, validity_date, citizen_id)
VALUES (101, 100001, '2012-05-17', '2031-09-10', 26);

INSERT INTO passport (serial_number, issuing_division_code, issue_date, validity_date, citizen_id)
VALUES (102, 100007, '2013-10-16', '2032-12-27', 38);

INSERT INTO passport (serial_number, issuing_division_code, issue_date, validity_date, citizen_id)
VALUES (103, 100004, '2008-01-18', '2027-12-01', 15);

INSERT INTO passport (serial_number, issuing_division_code, issue_date, validity_date, citizen_id)
VALUES (104, 100014, '2013-04-29', '2038-08-27', 40);

INSERT INTO passport (serial_number, issuing_division_code, issue_date, validity_date, citizen_id)
VALUES (105, 100016, '2016-12-13', '2030-10-23', 18);

INSERT INTO passport (serial_number, issuing_division_code, issue_date, validity_date, citizen_id)
VALUES (106, 100015, '2016-12-15', '2028-10-20', 21);

INSERT INTO passport (serial_number, issuing_division_code, issue_date, validity_date, citizen_id)
VALUES (107, 100007, '2008-07-10', '2037-06-23', 24);

INSERT INTO passport (serial_number, issuing_division_code, issue_date, validity_date, citizen_id)
VALUES (108, 100001, '2016-08-15', '2034-01-31', 39);

INSERT INTO passport (serial_number, issuing_division_code, issue_date, validity_date, citizen_id)
VALUES (109, 100014, '2012-12-31', '2030-03-07', 16);

INSERT INTO passport (serial_number, issuing_division_code, issue_date, validity_date, citizen_id)
VALUES (110, 100020, '2006-09-05', '2029-01-01', 20);

INSERT INTO passport (serial_number, issuing_division_code, issue_date, validity_date, citizen_id)
VALUES (111, 100001, '2008-05-09', '2026-09-22', 35);

INSERT INTO passport (serial_number, issuing_division_code, issue_date, validity_date, citizen_id)
VALUES (112, 100009, '2008-09-29', '2035-01-19', 22);

INSERT INTO passport (serial_number, issuing_division_code, issue_date, validity_date, citizen_id)
VALUES (113, 100003, '2012-12-21', '2027-04-05', 11);

INSERT INTO passport (serial_number, issuing_division_code, issue_date, validity_date, citizen_id)
VALUES (114, 100004, '2014-01-03', '2039-06-03', 29);

INSERT INTO passport (serial_number, issuing_division_code, issue_date, validity_date, citizen_id)
VALUES (115, 100020, '2013-10-03', '2036-09-03', 33);

INSERT INTO passport (serial_number, issuing_division_code, issue_date, validity_date, citizen_id)
VALUES (116, 100014, '2018-01-26', '2028-05-12', 34);

INSERT INTO passport (serial_number, issuing_division_code, issue_date, validity_date, citizen_id)
VALUES (117, 100016, '2012-10-19', '2028-02-03', 19);

INSERT INTO passport (serial_number, issuing_division_code, issue_date, validity_date, citizen_id)
VALUES (118, 100016, '2008-09-15', '2031-03-31', 37);

INSERT INTO passport (serial_number, issuing_division_code, issue_date, validity_date, citizen_id)
VALUES (119, 100009, '2016-09-29', '2028-01-11', 13);

INSERT INTO passport (serial_number, issuing_division_code, issue_date, validity_date, citizen_id)
VALUES (120, 100005, '2017-10-25', '2035-03-01', 12);

INSERT INTO foreign_passport (serial_number, issuing_division_code, issue_date, validity_date, citizen_id)
VALUES (101, 100001, '2012-05-17', '2031-09-10', 34);

INSERT INTO foreign_passport (serial_number, issuing_division_code, issue_date, validity_date, citizen_id)
VALUES (102, 100007, '2013-10-16', '2032-12-27', 15);

INSERT INTO foreign_passport (serial_number, issuing_division_code, issue_date, validity_date, citizen_id)
VALUES (103, 100004, '2008-01-18', '2027-12-01', 28);

INSERT INTO foreign_passport (serial_number, issuing_division_code, issue_date, validity_date, citizen_id)
VALUES (104, 100014, '2013-04-29', '2038-08-27', 26);

INSERT INTO foreign_passport (serial_number, issuing_division_code, issue_date, validity_date, citizen_id)
VALUES (105, 100016, '2016-12-13', '2030-10-23', 13);

INSERT INTO foreign_passport (serial_number, issuing_division_code, issue_date, validity_date, citizen_id)
VALUES (106, 100015, '2016-12-15', '2028-10-20', 31);

INSERT INTO foreign_passport (serial_number, issuing_division_code, issue_date, validity_date, citizen_id)
VALUES (107, 100007, '2008-07-10', '2037-06-23', 12);

INSERT INTO foreign_passport (serial_number, issuing_division_code, issue_date, validity_date, citizen_id)
VALUES (108, 100001, '2016-08-15', '2034-01-31', 18);

INSERT INTO foreign_passport (serial_number, issuing_division_code, issue_date, validity_date, citizen_id)
VALUES (109, 100014, '2012-12-31', '2030-03-07', 32);

INSERT INTO foreign_passport (serial_number, issuing_division_code, issue_date, validity_date, citizen_id)
VALUES (110, 100020, '2006-09-05', '2029-01-01', 11);

INSERT INTO foreign_passport (serial_number, issuing_division_code, issue_date, validity_date, citizen_id)
VALUES (111, 100001, '2008-05-09', '2026-09-22', 25);

INSERT INTO foreign_passport (serial_number, issuing_division_code, issue_date, validity_date, citizen_id)
VALUES (112, 100009, '2008-09-29', '2035-01-19', 27);

INSERT INTO foreign_passport (serial_number, issuing_division_code, issue_date, validity_date, citizen_id)
VALUES (113, 100003, '2012-12-21', '2027-04-05', 40);

INSERT INTO foreign_passport (serial_number, issuing_division_code, issue_date, validity_date, citizen_id)
VALUES (114, 100004, '2014-01-03', '2039-06-03', 30);

INSERT INTO foreign_passport (serial_number, issuing_division_code, issue_date, validity_date, citizen_id)
VALUES (115, 100020, '2013-10-03', '2036-09-03', 20);

INSERT INTO foreign_passport (serial_number, issuing_division_code, issue_date, validity_date, citizen_id)
VALUES (116, 100014, '2018-01-26', '2028-05-12', 37);

INSERT INTO foreign_passport (serial_number, issuing_division_code, issue_date, validity_date, citizen_id)
VALUES (117, 100016, '2012-10-19', '2028-02-03', 24);

INSERT INTO foreign_passport (serial_number, issuing_division_code, issue_date, validity_date, citizen_id)
VALUES (118, 100016, '2008-09-15', '2031-03-31', 16);

INSERT INTO foreign_passport (serial_number, issuing_division_code, issue_date, validity_date, citizen_id)
VALUES (119, 100009, '2016-09-29', '2028-01-11', 17);

INSERT INTO foreign_passport (serial_number, issuing_division_code, issue_date, validity_date, citizen_id)
VALUES (120, 100005, '2017-10-25', '2035-03-01', 19);